Zona,CÃ³digo cliente,Euros 2023,Euros 2024,Euros 2025
Andalucia,10045,0.0,0.0,370.0
Andalucia,1598,9534.0,9794.0,9834.0
Andalucia,6006,14764.0,19797.0,16424.0
Baix Llobregat,10014,0.0,0.0,1144.0
Baix Llobregat,10018,0.0,0.0,0.0
Baix Llobregat,10019,0.0,0.0,0.0
Baix Llobregat,10073,0.0,0.0,0.0
Baix Llobregat,10074,0.0,0.0,0.0
Baix Llobregat,10075,0.0,0.0,90.0
Baix Llobregat,10076,0.0,0.0,0.0
Baix Llobregat,10077,0.0,0.0,386.0
Baix Llobregat,1009,10909.0,10752.0,11178.0
Baix Llobregat,10101,0.0,0.0,0.0
Baix Llobregat,10105,0.0,0.0,714.0
Baix Llobregat,10106,0.0,0.0,0.0
Baix Llobregat,10107,0.0,0.0,2385.0
Baix Llobregat,10108,0.0,0.0,0.0
Baix Llobregat,10111,0.0,0.0,268.0
Baix Llobregat,10113,0.0,0.0,0.0
Baix Llobregat,10114,0.0,0.0,0.0
Baix Llobregat,10122,0.0,0.0,580.0
Baix Llobregat,10139,0.0,0.0,75.0
Baix Llobregat,10140,0.0,0.0,0.0
Baix Llobregat,10150,0.0,0.0,106.0
Baix Llobregat,10156,0.0,0.0,0.0
Baix Llobregat,10170,0.0,0.0,96.0
Baix Llobregat,10176,0.0,0.0,220.0
Baix Llobregat,1052,364.0,1682.0,1202.0
Baix Llobregat,1308,6828.0,6325.0,8342.0
Baix Llobregat,1365,7155.0,7198.0,6635.0
Baix Llobregat,1582,2381.0,1010.0,0.0
Baix Llobregat,1808,2561.0,2188.0,1426.0
Baix Llobregat,2309,33049.0,30215.0,40945.0
Baix Llobregat,2360,3607.0,4230.0,3703.0
Baix Llobregat,2375,22146.0,22718.0,23077.0
Baix Llobregat,2524,859.0,532.0,1217.0
Baix Llobregat,2571,5607.0,5402.0,2901.0
Baix Llobregat,2575,722.0,546.0,930.0
Baix Llobregat,2728,661.0,622.0,469.0
Baix Llobregat,2944,6211.0,6074.0,6369.0
Baix Llobregat,2967,0.0,0.0,0.0
Baix Llobregat,3164,8757.0,7837.0,7909.0
Baix Llobregat,3199,9242.0,7604.0,7013.0
Baix Llobregat,3281,12478.0,12275.0,11577.0
Baix Llobregat,3387,13142.0,9558.0,4514.0
Baix Llobregat,3420,243.0,63.0,0.0
Baix Llobregat,3600,15716.0,13936.0,12697.0
Baix Llobregat,3660,280.0,265.0,185.0
Baix Llobregat,3688,1787.0,1799.0,1846.0
Baix Llobregat,3690,2276.0,2126.0,1911.0
Baix Llobregat,3739,785.0,740.0,635.0
Baix Llobregat,3777,3946.0,3038.0,2789.0
Baix Llobregat,3839,2198.0,1538.0,0.0
Baix Llobregat,3859,3259.0,2862.0,3360.0
Baix Llobregat,3909,9649.0,10094.0,8246.0
Baix Llobregat,3942,4851.0,5258.0,6628.0
Baix Llobregat,3944,3586.0,3367.0,2780.0
Baix Llobregat,4021,5919.0,5056.0,0.0
Baix Llobregat,4059,521.0,731.0,517.0
Baix Llobregat,4072,1063.0,89.0,0.0
Baix Llobregat,4076,984.0,754.0,762.0
Baix Llobregat,4115,2095.0,2091.0,1862.0
Baix Llobregat,4173,1743.0,1892.0,1716.0
Baix Llobregat,4182,1675.0,1594.0,118.0
Baix Llobregat,4193,2595.0,3072.0,3634.0
Baix Llobregat,4194,2100.0,2075.0,2093.0
Baix Llobregat,4199,4340.0,4776.0,4413.0
Baix Llobregat,4457,339.0,0.0,345.0
Baix Llobregat,4514,2252.0,1986.0,1762.0
Baix Llobregat,4564,1425.0,1149.0,1158.0
Baix Llobregat,4567,8653.0,10188.0,12741.0
Baix Llobregat,4597,11366.0,9987.0,8999.0
Baix Llobregat,4619,1517.0,1637.0,2251.0
Baix Llobregat,4691,72.0,307.0,246.0
Baix Llobregat,4698,0.0,0.0,52.0
Baix Llobregat,4711,3858.0,3083.0,3258.0
Baix Llobregat,4725,5625.0,2061.0,2815.0
Baix Llobregat,4731,2031.0,2045.0,2113.0
Baix Llobregat,4774,770.0,687.0,1209.0
Baix Llobregat,4822,0.0,0.0,0.0
Baix Llobregat,4825,1769.0,1406.0,1726.0
Baix Llobregat,4840,1308.0,1443.0,1819.0
Baix Llobregat,4878,1135.0,1544.0,1518.0
Baix Llobregat,4906,4415.0,5186.0,4542.0
Baix Llobregat,4923,3907.0,1138.0,0.0
Baix Llobregat,4990,6990.0,6286.0,4681.0
Baix Llobregat,5013,18379.0,13388.0,7509.0
Baix Llobregat,5015,4560.0,6126.0,6190.0
Baix Llobregat,5069,8590.0,2271.0,4030.0
Baix Llobregat,5134,21420.0,1346.0,0.0
Baix Llobregat,5154,1360.0,69.0,0.0
Baix Llobregat,5181,2460.0,4962.0,631.0
Baix Llobregat,5187,3363.0,6842.0,3783.0
Baix Llobregat,5189,4823.0,15009.0,17395.0
Baix Llobregat,5197,2876.0,5279.0,4471.0
Baix Llobregat,5215,118.0,64.0,0.0
Baix Llobregat,5243,23.0,89.0,0.0
Baix Llobregat,5264,0.0,10185.0,10667.0
Baix Llobregat,5276,0.0,106.0,0.0
Baix Llobregat,5281,0.0,19271.0,14131.0
Baix Llobregat,5287,0.0,16451.0,13016.0
Baix Llobregat,5288,0.0,3299.0,1564.0
Baix Llobregat,5289,0.0,493.0,600.0
Baix Llobregat,5296,0.0,172.0,0.0
Baix Llobregat,5305,0.0,1583.0,0.0
Baix Llobregat,5333,0.0,298.0,1903.0
Baix Llobregat,5343,0.0,1162.0,270.0
Baix Llobregat,5357,0.0,1623.0,2631.0
Baix Llobregat,5363,0.0,4797.0,9245.0
Baix Llobregat,5375,0.0,29.0,0.0
Baix Llobregat,5435,0.0,400.0,198.0
Baix Llobregat,5482,0.0,0.0,318.0
Baix Llobregat,5487,0.0,0.0,167.0
Baix Llobregat,5491,0.0,0.0,42.0
Baix Llobregat,5493,0.0,0.0,42.0
Baix Llobregat,5496,0.0,0.0,197.0
Baix Llobregat,5506,0.0,0.0,2982.0
Baix Llobregat,5507,0.0,0.0,978.0
Baix Llobregat,5511,0.0,0.0,821.0
Baix Llobregat,5517,0.0,0.0,163.0
Baix Llobregat,5527,0.0,0.0,242.0
Baix Llobregat,5530,0.0,0.0,1504.0
Baix Llobregat,5532,0.0,0.0,2523.0
Baix Llobregat,5533,0.0,0.0,1363.0
Baix Llobregat,5537,0.0,0.0,88.0
Baix Llobregat,5555,0.0,0.0,1354.0
Baix Llobregat,6127,0.0,361.0,0.0
Baix Llobregat,6147,0.0,329.0,1169.0
Baix Llobregat,8015,0.0,0.0,302.0
Baix Llobregat,8020,0.0,0.0,2890.0
Baix Llobregat,8027,0.0,0.0,118.0
Baix Llobregat,8029,0.0,0.0,174.0
Baix Llobregat,8032,0.0,0.0,145.0
Baix Llobregat,8033,0.0,0.0,381.0
Baix Tarraco,10047,0.0,0.0,252.0
Baix Tarraco,10048,0.0,0.0,1541.0
Baix Tarraco,10060,0.0,0.0,17921.0
Baix Tarraco,10064,0.0,0.0,603.0
Baix Tarraco,10100,0.0,0.0,0.0
Baix Tarraco,10102,0.0,0.0,0.0
Baix Tarraco,10103,0.0,0.0,0.0
Baix Tarraco,1110,286.0,278.0,398.0
Baix Tarraco,1633,7384.0,8752.0,8602.0
Baix Tarraco,1885,10586.0,9943.0,5932.0
Baix Tarraco,1945,4646.0,3181.0,2452.0
Baix Tarraco,2013,3743.0,0.0,0.0
Baix Tarraco,2049,38523.0,38706.0,57220.0
Baix Tarraco,2062,7188.0,7191.0,8956.0
Baix Tarraco,2084,23257.0,22500.0,21271.0
Baix Tarraco,2107,5511.0,4552.0,9821.0
Baix Tarraco,2254,8671.0,4773.0,0.0
Baix Tarraco,2322,27977.0,33461.0,33197.0
Baix Tarraco,2541,15079.0,12699.0,12815.0
Baix Tarraco,2608,5507.0,6260.0,6092.0
Baix Tarraco,2711,4421.0,4253.0,498.0
Baix Tarraco,2814,3657.0,3791.0,3974.0
Baix Tarraco,2883,11572.0,12037.0,12160.0
Baix Tarraco,2913,8091.0,8327.0,8370.0
Baix Tarraco,3161,1253.0,9278.0,10495.0
Baix Tarraco,3177,70564.0,68022.0,101971.0
Baix Tarraco,3244,0.0,44.0,0.0
Baix Tarraco,3308,34374.0,31252.0,34405.0
Baix Tarraco,3369,8860.0,10518.0,13112.0
Baix Tarraco,3379,2502.0,1694.0,1808.0
Baix Tarraco,3548,9858.0,22455.0,8088.0
Baix Tarraco,3700,1739.0,1507.0,1224.0
Baix Tarraco,3784,13226.0,5304.0,1075.0
Baix Tarraco,3820,341.0,338.0,113.0
Baix Tarraco,3852,4995.0,5910.0,5549.0
Baix Tarraco,3908,1797.0,1885.0,1748.0
Baix Tarraco,3966,1410.0,1361.0,944.0
Baix Tarraco,3982,8173.0,6957.0,7204.0
Baix Tarraco,4017,695.0,435.0,0.0
Baix Tarraco,4022,6254.0,6460.0,6502.0
Baix Tarraco,4221,1276.0,1052.0,883.0
Baix Tarraco,4344,3027.0,2939.0,2927.0
Baix Tarraco,4415,24962.0,25327.0,22328.0
Baix Tarraco,4416,1681.0,1808.0,1777.0
Baix Tarraco,4488,439.0,302.0,250.0
Baix Tarraco,4498,16362.0,21223.0,23810.0
Baix Tarraco,4505,3351.0,7020.0,0.0
Baix Tarraco,4510,4414.0,4468.0,3619.0
Baix Tarraco,4513,0.0,0.0,564.0
Baix Tarraco,4522,685.0,414.0,481.0
Baix Tarraco,4560,2731.0,1883.0,2328.0
Baix Tarraco,4659,435.0,1149.0,831.0
Baix Tarraco,4662,15301.0,7728.0,8452.0
Baix Tarraco,4672,10810.0,10543.0,10888.0
Baix Tarraco,4716,3717.0,4543.0,4935.0
Baix Tarraco,4799,161.0,211.0,39.0
Baix Tarraco,4809,3193.0,480.0,3639.0
Baix Tarraco,4881,1522.0,1161.0,0.0
Baix Tarraco,4910,1456.0,1677.0,1722.0
Baix Tarraco,4988,1925.0,2146.0,2309.0
Baix Tarraco,5035,843.0,931.0,1623.0
Baix Tarraco,5068,1253.0,1174.0,5263.0
Baix Tarraco,5070,5978.0,3959.0,1058.0
Baix Tarraco,5075,439.0,280.0,281.0
Baix Tarraco,5078,2394.0,2057.0,558.0
Baix Tarraco,5079,286.0,409.0,50.0
Baix Tarraco,5096,1765.0,3488.0,3985.0
Baix Tarraco,5097,358.0,154.0,0.0
Baix Tarraco,5099,214.0,842.0,760.0
Baix Tarraco,5109,3568.0,4123.0,4291.0
Baix Tarraco,5129,2783.0,2170.0,2203.0
Baix Tarraco,5155,10234.0,15465.0,14849.0
Baix Tarraco,5229,78.0,269.0,309.0
Baix Tarraco,5246,788.0,3076.0,1824.0
Baix Tarraco,5279,0.0,141.0,0.0
Baix Tarraco,5299,0.0,269.0,0.0
Baix Tarraco,5306,0.0,106.0,0.0
Baix Tarraco,5318,0.0,232.0,0.0
Baix Tarraco,5353,0.0,5104.0,8045.0
Baix Tarraco,5370,0.0,18924.0,35725.0
Baix Tarraco,5381,0.0,1292.0,2148.0
Baix Tarraco,5471,0.0,462.0,1754.0
Baix Tarraco,5474,0.0,0.0,246.0
Baix Tarraco,5495,0.0,0.0,138.0
Baix Tarraco,5501,0.0,0.0,42.0
Baix Tarraco,5544,0.0,0.0,823.0
Baix Tarraco,6026,4956.0,6308.0,6393.0
Baix Tarraco,6027,2410.0,4896.0,16763.0
Baix Tarraco,6104,0.0,0.0,106.0
Baix Tarraco,6128,0.0,87.0,0.0
Baix Tarraco,6153,0.0,129.0,0.0
Baix Tarraco,6155,0.0,88.0,0.0
Baix Tarraco,6160,0.0,0.0,0.0
Baix Tarraco,8005,0.0,0.0,84.0
Baix Tarraco,8026,0.0,0.0,141.0
Barcelona,10017,0.0,0.0,51.0
Barcelona,10020,0.0,0.0,0.0
Barcelona,10027,0.0,0.0,0.0
Barcelona,10049,0.0,0.0,377.0
Barcelona,10059,0.0,0.0,38.0
Barcelona,10072,0.0,0.0,5157.0
Barcelona,10085,0.0,0.0,130.0
Barcelona,10086,0.0,0.0,369.0
Barcelona,10099,0.0,0.0,951.0
Barcelona,10117,0.0,0.0,0.0
Barcelona,10118,0.0,0.0,0.0
Barcelona,10119,0.0,0.0,0.0
Barcelona,10135,0.0,0.0,0.0
Barcelona,10138,0.0,0.0,52.0
Barcelona,10149,0.0,0.0,0.0
Barcelona,10152,0.0,0.0,0.0
Barcelona,10159,0.0,0.0,18337.0
Barcelona,10160,0.0,0.0,17192.0
Barcelona,10161,0.0,0.0,14949.0
Barcelona,10162,0.0,0.0,12409.0
Barcelona,10163,0.0,0.0,16603.0
Barcelona,10164,0.0,0.0,9844.0
Barcelona,10169,0.0,0.0,238.0
Barcelona,10173,0.0,0.0,190.0
Barcelona,1435,3979.0,2887.0,958.0
Barcelona,1513,1572.0,0.0,204.0
Barcelona,1656,2107.0,1939.0,2380.0
Barcelona,1732,1082.0,766.0,88.0
Barcelona,1782,14571.0,16492.0,15661.0
Barcelona,1856,12635.0,19662.0,18505.0
Barcelona,2018,4114.0,3963.0,4553.0
Barcelona,2019,6317.0,5349.0,7345.0
Barcelona,2023,2296.0,2732.0,3316.0
Barcelona,2025,5323.0,6908.0,11394.0
Barcelona,2033,8881.0,9014.0,11733.0
Barcelona,2039,0.0,2025.0,1465.0
Barcelona,2044,14402.0,15944.0,25900.0
Barcelona,2066,3899.0,3435.0,4674.0
Barcelona,2203,7468.0,7193.0,8005.0
Barcelona,2351,1401.0,2008.0,1886.0
Barcelona,2533,0.0,0.0,63.0
Barcelona,2574,0.0,175.0,810.0
Barcelona,2729,342.0,517.0,610.0
Barcelona,2743,8104.0,7247.0,8103.0
Barcelona,2746,3436.0,3119.0,2893.0
Barcelona,2759,9416.0,9552.0,13874.0
Barcelona,2865,1741.0,3675.0,2741.0
Barcelona,2889,2996.0,2175.0,2085.0
Barcelona,2938,29864.0,30244.0,33733.0
Barcelona,3003,0.0,0.0,7359.0
Barcelona,3070,848.0,885.0,782.0
Barcelona,3079,581.0,555.0,543.0
Barcelona,3085,13711.0,15308.0,17943.0
Barcelona,3098,1042.0,1139.0,724.0
Barcelona,3101,2412.0,2354.0,2218.0
Barcelona,3126,666.0,323.0,444.0
Barcelona,3127,2296.0,3670.0,4316.0
Barcelona,3132,2109.0,1485.0,1681.0
Barcelona,3153,925.0,790.0,1240.0
Barcelona,3159,964.0,130.0,0.0
Barcelona,3315,753.0,510.0,0.0
Barcelona,3374,18941.0,19671.0,19184.0
Barcelona,3385,2036.0,1645.0,3556.0
Barcelona,3436,261.0,52.0,107.0
Barcelona,3444,1898.0,1570.0,1413.0
Barcelona,3487,9565.0,12375.0,13040.0
Barcelona,3517,6050.0,6119.0,4416.0
Barcelona,3535,597.0,253.0,981.0
Barcelona,3536,1490.0,1424.0,1000.0
Barcelona,3556,20000.0,200055.0,189668.0
Barcelona,3566,3542.0,2203.0,1891.0
Barcelona,3615,5718.0,5562.0,7284.0
Barcelona,3665,7376.0,7063.0,7902.0
Barcelona,3849,1058.0,1511.0,277.0
Barcelona,3947,1732.0,2045.0,3121.0
Barcelona,4006,12294.0,11983.0,13019.0
Barcelona,4050,310.0,1908.0,3417.0
Barcelona,4078,2855.0,3149.0,185.0
Barcelona,4106,3491.0,3320.0,3285.0
Barcelona,4144,3308.0,2858.0,2691.0
Barcelona,4161,2322.0,296.0,0.0
Barcelona,4228,481.0,4627.0,5712.0
Barcelona,4258,2505.0,2832.0,3962.0
Barcelona,4280,5900.0,5851.0,6469.0
Barcelona,4281,0.0,0.0,128.0
Barcelona,4282,0.0,0.0,82.0
Barcelona,4299,1705.0,970.0,100.0
Barcelona,4304,985.0,424.0,182.0
Barcelona,4338,2600.0,2011.0,1859.0
Barcelona,4388,0.0,0.0,299.0
Barcelona,4417,0.0,7646.0,11370.0
Barcelona,4443,26254.0,33983.0,45662.0
Barcelona,4471,6591.0,7743.0,9308.0
Barcelona,4506,1806.0,1918.0,2281.0
Barcelona,4534,848.0,71.0,0.0
Barcelona,4536,6355.0,9613.0,9125.0
Barcelona,4537,7513.0,7705.0,7952.0
Barcelona,4555,5509.0,4835.0,5645.0
Barcelona,4556,15194.0,13335.0,16492.0
Barcelona,4557,3399.0,2501.0,3122.0
Barcelona,4558,3383.0,3925.0,4647.0
Barcelona,4559,3756.0,2926.0,3496.0
Barcelona,4614,2642.0,2748.0,3162.0
Barcelona,4631,1537.0,624.0,0.0
Barcelona,4649,2611.0,2699.0,162.0
Barcelona,4677,12763.0,5773.0,0.0
Barcelona,4684,15594.0,8132.0,10453.0
Barcelona,4686,12575.0,9919.0,0.0
Barcelona,4688,9631.0,11334.0,2213.0
Barcelona,4713,2683.0,462.0,0.0
Barcelona,4721,8019.0,7396.0,986.0
Barcelona,4722,2915.0,3772.0,2181.0
Barcelona,4723,1079.0,387.0,416.0
Barcelona,4739,777.0,157.0,0.0
Barcelona,4744,1946.0,1533.0,551.0
Barcelona,4776,632.0,914.0,0.0
Barcelona,4783,491.0,161.0,0.0
Barcelona,4786,170.0,57.0,0.0
Barcelona,4790,7318.0,3162.0,0.0
Barcelona,4808,1236.0,934.0,1325.0
Barcelona,4821,676.0,992.0,809.0
Barcelona,4827,2587.0,2324.0,1796.0
Barcelona,4844,1361.0,2480.0,2915.0
Barcelona,4866,1488.0,884.0,53.0
Barcelona,4886,17948.0,5131.0,0.0
Barcelona,4903,1114.0,1030.0,937.0
Barcelona,4917,894.0,853.0,494.0
Barcelona,4925,597.0,176.0,0.0
Barcelona,4949,10155.0,11599.0,8219.0
Barcelona,4950,6647.0,1976.0,0.0
Barcelona,4962,722.0,107.0,148.0
Barcelona,4992,0.0,0.0,46.0
Barcelona,4995,3772.0,3954.0,2115.0
Barcelona,5012,1706.0,1496.0,387.0
Barcelona,5036,2049.0,2232.0,470.0
Barcelona,5047,1180.0,1521.0,143.0
Barcelona,5059,1856.0,1610.0,862.0
Barcelona,5077,168.0,457.0,217.0
Barcelona,5090,1693.0,1290.0,1273.0
Barcelona,5092,624.0,384.0,661.0
Barcelona,5098,1204.0,909.0,0.0
Barcelona,5103,4689.0,7658.0,0.0
Barcelona,5110,12923.0,14245.0,12451.0
Barcelona,5132,2374.0,3331.0,3895.0
Barcelona,5156,548.0,198.0,0.0
Barcelona,5160,169.0,106.0,0.0
Barcelona,5179,15191.0,4702.0,0.0
Barcelona,5194,671.0,9441.0,8679.0
Barcelona,5202,215.0,789.0,0.0
Barcelona,5206,377.0,238.0,0.0
Barcelona,5209,827.0,849.0,0.0
Barcelona,5212,159.0,153.0,0.0
Barcelona,5218,92.0,52.0,0.0
Barcelona,5221,1532.0,2819.0,0.0
Barcelona,5226,31.0,271.0,68.0
Barcelona,5231,218.0,1142.0,1413.0
Barcelona,5241,250.0,1707.0,150.0
Barcelona,5247,39.0,589.0,742.0
Barcelona,5248,86.0,112.0,0.0
Barcelona,5265,0.0,2010.0,0.0
Barcelona,5269,0.0,63.0,0.0
Barcelona,5278,0.0,10385.0,8629.0
Barcelona,5282,0.0,1240.0,0.0
Barcelona,5290,0.0,366.0,0.0
Barcelona,5291,0.0,4857.0,705.0
Barcelona,5295,0.0,1186.0,399.0
Barcelona,5297,0.0,1270.0,980.0
Barcelona,5304,0.0,309.0,0.0
Barcelona,5317,0.0,1276.0,2126.0
Barcelona,5336,0.0,12242.0,6223.0
Barcelona,5355,0.0,2106.0,2700.0
Barcelona,5385,0.0,3507.0,7225.0
Barcelona,5442,0.0,109.0,98.0
Barcelona,5449,0.0,1139.0,7762.0
Barcelona,5450,0.0,569.0,3094.0
Barcelona,5472,0.0,49.0,0.0
Barcelona,5481,0.0,0.0,6667.0
Barcelona,5488,0.0,0.0,104.0
Barcelona,5489,0.0,0.0,42.0
Barcelona,5490,0.0,0.0,125.0
Barcelona,5492,0.0,0.0,42.0
Barcelona,5494,0.0,0.0,104.0
Barcelona,5500,0.0,0.0,42.0
Barcelona,5502,0.0,0.0,125.0
Barcelona,5503,0.0,0.0,42.0
Barcelona,5518,0.0,0.0,38.0
Barcelona,5536,0.0,0.0,901.0
Barcelona,5539,0.0,0.0,648.0
Barcelona,5550,0.0,0.0,1182.0
Barcelona,6126,0.0,174.0,382.0
Barcelona,6130,0.0,171.0,178.0
Barcelona,6131,0.0,449.0,1081.0
Barcelona,6132,0.0,577.0,-143.0
Barcelona,6133,0.0,141.0,0.0
Barcelona,6134,0.0,1335.0,0.0
Barcelona,6135,0.0,89.0,0.0
Barcelona,6137,0.0,444.0,0.0
Barcelona,6138,0.0,1098.0,183.0
Barcelona,6139,0.0,3750.0,4153.0
Barcelona,6150,0.0,333.0,128.0
Barcelona,6152,0.0,2090.0,0.0
Barcelona,6154,0.0,513.0,74.0
Barcelona,6163,0.0,0.0,534.0
Barcelona,8007,0.0,0.0,7854.0
Barcelona,8010,0.0,0.0,1461.0
Barcelona,8120,0.0,0.0,76.0
Barcelona,9006,8850.0,10823.0,14666.0
Camprodon,10055,0.0,0.0,60.0
Camprodon,10123,0.0,0.0,925.0
Camprodon,10124,0.0,0.0,359.0
Camprodon,10125,0.0,0.0,322.0
Camprodon,10128,0.0,0.0,248.0
Camprodon,10129,0.0,0.0,438.0
Camprodon,10131,0.0,0.0,1149.0
Camprodon,10141,0.0,0.0,1847.0
Camprodon,10142,0.0,0.0,2107.0
Camprodon,10171,0.0,0.0,271.0
Camprodon,10172,0.0,0.0,387.0
Camprodon,10174,0.0,0.0,142.0
Camprodon,1076,6725.0,7719.0,6337.0
Camprodon,1426,4409.0,4713.0,5860.0
Camprodon,1617,6224.0,5844.0,7162.0
Camprodon,1704,0.0,0.0,845.0
Camprodon,1710,2389.0,2400.0,2622.0
Camprodon,1756,0.0,0.0,154.0
Camprodon,1933,4149.0,295.0,0.0
Camprodon,1974,7804.0,8554.0,15880.0
Camprodon,2126,10777.0,10379.0,10509.0
Camprodon,2307,3075.0,2579.0,2922.0
Camprodon,2438,39589.0,45329.0,62007.0
Camprodon,2916,11082.0,11014.0,2692.0
Camprodon,2943,18407.0,14268.0,18922.0
Camprodon,3193,19920.0,10151.0,7028.0
Camprodon,3393,2298.0,2034.0,1924.0
Camprodon,3406,0.0,0.0,338.0
Camprodon,3461,5135.0,5213.0,5435.0
Camprodon,3475,7918.0,9604.0,12055.0
Camprodon,3518,4441.0,5363.0,6866.0
Camprodon,3565,1209.0,995.0,982.0
Camprodon,3598,4796.0,6705.0,4121.0
Camprodon,3715,4206.0,4545.0,5229.0
Camprodon,3894,1554.0,1494.0,1172.0
Camprodon,4208,1938.0,1012.0,0.0
Camprodon,4351,18731.0,18644.0,21695.0
Camprodon,4391,6778.0,3618.0,0.0
Camprodon,4447,2120.0,2196.0,2765.0
Camprodon,4733,2747.0,4053.0,4948.0
Camprodon,4939,2260.0,2428.0,2582.0
Camprodon,4956,3432.0,4649.0,3444.0
Camprodon,4958,2949.0,5747.0,9490.0
Camprodon,4966,575.0,40.0,53.0
Camprodon,5107,4785.0,4360.0,3348.0
Camprodon,5130,690.0,2395.0,2041.0
Camprodon,5139,820.0,846.0,954.0
Camprodon,5150,1236.0,1521.0,1060.0
Camprodon,5190,5651.0,8667.0,17638.0
Camprodon,5204,938.0,7086.0,2337.0
Camprodon,5242,209.0,637.0,220.0
Camprodon,5260,53.0,261.0,0.0
Camprodon,5302,0.0,791.0,0.0
Camprodon,5319,0.0,258.0,173.0
Camprodon,5322,0.0,2465.0,3103.0
Camprodon,5354,0.0,1359.0,4854.0
Camprodon,5362,0.0,1176.0,2650.0
Camprodon,8002,0.0,0.0,276.0
Camprodon,8101,0.0,0.0,240.0
Costa Girona,10034,0.0,0.0,242.0
Costa Girona,10035,0.0,0.0,979.0
Costa Girona,10053,0.0,0.0,179.0
Costa Girona,10087,0.0,0.0,222.0
Costa Girona,10115,0.0,0.0,106.0
Costa Girona,1084,5588.0,3089.0,0.0
Costa Girona,1108,913.0,229.0,217.0
Costa Girona,1137,3026.0,3136.0,3725.0
Costa Girona,1164,659.0,427.0,0.0
Costa Girona,1195,6460.0,5903.0,8268.0
Costa Girona,1197,730.0,2426.0,1873.0
Costa Girona,1251,1950.0,1913.0,1389.0
Costa Girona,1512,686.0,319.0,160.0
Costa Girona,1672,15963.0,20019.0,25809.0
Costa Girona,1714,0.0,0.0,923.0
Costa Girona,1747,2200.0,1676.0,1098.0
Costa Girona,1761,3020.0,3278.0,4016.0
Costa Girona,1821,3296.0,2397.0,0.0
Costa Girona,1980,5252.0,6723.0,6565.0
Costa Girona,2223,9829.0,11204.0,13203.0
Costa Girona,2335,26997.0,25342.0,32173.0
Costa Girona,2386,8949.0,8624.0,11288.0
Costa Girona,2419,221.0,304.0,987.0
Costa Girona,2582,4795.0,4730.0,4687.0
Costa Girona,2673,5125.0,5849.0,5209.0
Costa Girona,2679,4166.0,5400.0,4230.0
Costa Girona,2747,3570.0,3795.0,6980.0
Costa Girona,2788,5603.0,5165.0,5419.0
Costa Girona,2852,1548.0,1569.0,333.0
Costa Girona,2853,2302.0,177.0,0.0
Costa Girona,2897,6200.0,6820.0,6754.0
Costa Girona,3188,31394.0,32725.0,34457.0
Costa Girona,3192,8092.0,7230.0,4032.0
Costa Girona,3197,1981.0,2226.0,1545.0
Costa Girona,3251,5658.0,6138.0,4750.0
Costa Girona,3350,3589.0,4400.0,4993.0
Costa Girona,3352,1998.0,1605.0,201.0
Costa Girona,3452,4050.0,3207.0,2735.0
Costa Girona,3500,12583.0,11287.0,4460.0
Costa Girona,3572,1020.0,710.0,650.0
Costa Girona,3619,302.0,440.0,286.0
Costa Girona,3655,0.0,102.0,219.0
Costa Girona,3682,1460.0,1674.0,1358.0
Costa Girona,3702,2721.0,3192.0,1636.0
Costa Girona,3712,2669.0,2517.0,1581.0
Costa Girona,3878,7287.0,6863.0,6883.0
Costa Girona,3907,10931.0,11569.0,6180.0
Costa Girona,3920,3139.0,3222.0,3274.0
Costa Girona,3938,1330.0,1364.0,1498.0
Costa Girona,3960,1074.0,1140.0,1101.0
Costa Girona,4086,10268.0,9724.0,12228.0
Costa Girona,4178,9887.0,10495.0,13258.0
Costa Girona,4202,20687.0,15721.0,0.0
Costa Girona,4270,3750.0,1991.0,0.0
Costa Girona,4292,1710.0,1300.0,0.0
Costa Girona,4480,665.0,876.0,789.0
Costa Girona,4525,20584.0,19711.0,17882.0
Costa Girona,4528,13436.0,13706.0,15836.0
Costa Girona,4543,6857.0,3881.0,2773.0
Costa Girona,4584,9514.0,9493.0,5579.0
Costa Girona,4604,2873.0,2979.0,379.0
Costa Girona,4615,756.0,821.0,1326.0
Costa Girona,4640,2189.0,1013.0,127.0
Costa Girona,4653,775.0,1506.0,1387.0
Costa Girona,4697,0.0,49.0,0.0
Costa Girona,4705,8013.0,5196.0,5239.0
Costa Girona,4771,2464.0,2607.0,3093.0
Costa Girona,4815,1648.0,1950.0,1984.0
Costa Girona,4888,928.0,2188.0,1158.0
Costa Girona,4930,81.0,110.0,326.0
Costa Girona,5016,4255.0,4147.0,2420.0
Costa Girona,5076,9827.0,11764.0,11282.0
Costa Girona,5112,3185.0,2271.0,2391.0
Costa Girona,5113,1163.0,1572.0,1456.0
Costa Girona,5116,3008.0,4009.0,3708.0
Costa Girona,5120,3623.0,5072.0,3967.0
Costa Girona,5123,19651.0,24622.0,27830.0
Costa Girona,5126,840.0,269.0,0.0
Costa Girona,5149,3022.0,5236.0,5324.0
Costa Girona,5169,2570.0,5848.0,3921.0
Costa Girona,5250,1285.0,13401.0,15094.0
Costa Girona,5251,111.0,8297.0,10056.0
Costa Girona,5263,0.0,7003.0,5149.0
Costa Girona,5267,0.0,41162.0,50683.0
Costa Girona,5286,0.0,1107.0,914.0
Costa Girona,5312,0.0,591.0,0.0
Costa Girona,5316,0.0,741.0,0.0
Costa Girona,5323,0.0,2452.0,3802.0
Costa Girona,5329,0.0,370.0,42.0
Costa Girona,5351,0.0,946.0,364.0
Costa Girona,5378,0.0,1157.0,318.0
Costa Girona,5406,0.0,266.0,99.0
Costa Girona,5427,0.0,53.0,0.0
Costa Girona,5433,0.0,293.0,1518.0
Costa Girona,5437,0.0,154.0,0.0
Costa Girona,5440,0.0,378.0,1027.0
Costa Girona,5451,0.0,218.0,214.0
Costa Girona,5453,0.0,153.0,191.0
Costa Girona,5455,0.0,244.0,3055.0
Costa Girona,5466,0.0,53.0,97.0
Costa Girona,5473,0.0,101.0,2139.0
Costa Girona,5479,0.0,0.0,3431.0
Costa Girona,5514,0.0,0.0,769.0
Costa Girona,5534,0.0,0.0,2722.0
Costa Girona,5545,0.0,0.0,44.0
Costa Girona,5557,0.0,0.0,1330.0
Costa Girona,6087,5178.0,2636.0,0.0
Costa Girona,6088,3047.0,3596.0,0.0
Costa Girona,6089,1361.0,122.0,0.0
Costa Girona,6140,0.0,196.0,47.0
Costa Girona,6162,0.0,0.0,4368.0
Costa Girona,8022,0.0,0.0,3609.0
Costa Girona,8025,0.0,0.0,127.0
Costa Girona,8085,0.0,0.0,1215.0
Costa Girona,8117,0.0,0.0,808.0
Costa Girona,9020,0.0,0.0,360.0
Costa Norte,10023,0.0,0.0,0.0
Costa Norte,10036,0.0,0.0,0.0
Costa Norte,10037,0.0,0.0,178.0
Costa Norte,10039,0.0,0.0,0.0
Costa Norte,10043,0.0,0.0,0.0
Costa Norte,10044,0.0,0.0,624.0
Costa Norte,10051,0.0,0.0,1495.0
Costa Norte,10062,0.0,0.0,400.0
Costa Norte,10063,0.0,0.0,1430.0
Costa Norte,10069,0.0,0.0,409.0
Costa Norte,10070,0.0,0.0,1276.0
Costa Norte,10081,0.0,0.0,4799.0
Costa Norte,10082,0.0,0.0,168.0
Costa Norte,10083,0.0,0.0,418.0
Costa Norte,10084,0.0,0.0,210.0
Costa Norte,10090,0.0,0.0,181.0
Costa Norte,10091,0.0,0.0,0.0
Costa Norte,10092,0.0,0.0,1320.0
Costa Norte,10093,0.0,0.0,180.0
Costa Norte,10110,0.0,0.0,613.0
Costa Norte,10134,0.0,0.0,150.0
Costa Norte,10144,0.0,0.0,633.0
Costa Norte,10148,0.0,0.0,345.0
Costa Norte,1140,4307.0,4307.0,3165.0
Costa Norte,1145,624.0,293.0,751.0
Costa Norte,1148,0.0,887.0,624.0
Costa Norte,1160,3506.0,569.0,474.0
Costa Norte,1188,10365.0,9741.0,8847.0
Costa Norte,1189,4030.0,3547.0,4474.0
Costa Norte,1531,39143.0,29454.0,33046.0
Costa Norte,1659,4038.0,2712.0,2181.0
Costa Norte,1749,19016.0,9964.0,26661.0
Costa Norte,1822,0.0,0.0,275.0
Costa Norte,1954,2557.0,3280.0,3326.0
Costa Norte,1966,6885.0,6914.0,5546.0
Costa Norte,2469,3747.0,3386.0,267.0
Costa Norte,2529,0.0,1053.0,812.0
Costa Norte,2535,0.0,1358.0,1228.0
Costa Norte,2592,34612.0,33789.0,35464.0
Costa Norte,2611,0.0,443.0,125.0
Costa Norte,2649,0.0,0.0,0.0
Costa Norte,2688,762.0,879.0,4374.0
Costa Norte,2786,1255.0,1527.0,1574.0
Costa Norte,3234,0.0,0.0,197.0
Costa Norte,3301,9944.0,9760.0,11295.0
Costa Norte,3423,3080.0,3649.0,3810.0
Costa Norte,3648,1478.0,0.0,130.0
Costa Norte,3796,1698.0,1345.0,1378.0
Costa Norte,3835,2466.0,479.0,0.0
Costa Norte,4014,20338.0,28251.0,29866.0
Costa Norte,4026,671.0,808.0,2448.0
Costa Norte,4029,2404.0,2953.0,2837.0
Costa Norte,4055,4095.0,4369.0,3986.0
Costa Norte,4056,9669.0,10572.0,13637.0
Costa Norte,4074,0.0,126.0,0.0
Costa Norte,4109,7360.0,7479.0,7044.0
Costa Norte,4230,2051.0,1961.0,1738.0
Costa Norte,4255,8395.0,8659.0,8406.0
Costa Norte,4291,1941.0,2333.0,2305.0
Costa Norte,4379,1500.0,1342.0,1472.0
Costa Norte,4472,1561.0,1417.0,1808.0
Costa Norte,4516,2004.0,3318.0,2805.0
Costa Norte,4517,225.0,232.0,247.0
Costa Norte,4524,1020.0,775.0,750.0
Costa Norte,4535,0.0,273.0,0.0
Costa Norte,4538,2677.0,2657.0,6098.0
Costa Norte,4574,4885.0,3985.0,2886.0
Costa Norte,4598,1345.0,342.0,0.0
Costa Norte,4601,972.0,842.0,52.0
Costa Norte,4603,897.0,1424.0,1471.0
Costa Norte,4623,8126.0,8239.0,6329.0
Costa Norte,4626,6830.0,7306.0,0.0
Costa Norte,4644,622.0,581.0,198.0
Costa Norte,4650,826.0,1434.0,1535.0
Costa Norte,4670,533.0,762.0,666.0
Costa Norte,4700,8360.0,2997.0,8570.0
Costa Norte,4732,5916.0,6878.0,8087.0
Costa Norte,4737,621.0,675.0,490.0
Costa Norte,4758,451.0,561.0,487.0
Costa Norte,4801,5094.0,11675.0,12723.0
Costa Norte,4813,0.0,0.0,226.0
Costa Norte,4872,5601.0,2704.0,2040.0
Costa Norte,4885,2066.0,2724.0,2741.0
Costa Norte,4889,5807.0,6656.0,8142.0
Costa Norte,4892,3227.0,2782.0,2252.0
Costa Norte,4893,1173.0,781.0,0.0
Costa Norte,4898,15517.0,14490.0,20081.0
Costa Norte,4934,25201.0,20384.0,839.0
Costa Norte,4937,10426.0,11355.0,14367.0
Costa Norte,4965,18776.0,20174.0,19534.0
Costa Norte,4968,7790.0,5415.0,2429.0
Costa Norte,4978,8231.0,6153.0,4905.0
Costa Norte,5058,2131.0,1777.0,2022.0
Costa Norte,5124,3191.0,3612.0,3627.0
Costa Norte,5128,2420.0,2596.0,2510.0
Costa Norte,5142,6198.0,7172.0,5659.0
Costa Norte,5166,1091.0,349.0,226.0
Costa Norte,5168,6383.0,5768.0,8641.0
Costa Norte,5170,1460.0,3549.0,3700.0
Costa Norte,5171,497.0,963.0,2917.0
Costa Norte,5183,3514.0,179.0,0.0
Costa Norte,5213,142.0,782.0,553.0
Costa Norte,5271,0.0,620.0,619.0
Costa Norte,5272,0.0,588.0,177.0
Costa Norte,5277,0.0,1198.0,958.0
Costa Norte,5298,0.0,2632.0,1755.0
Costa Norte,5301,0.0,1233.0,1157.0
Costa Norte,5307,0.0,2958.0,3799.0
Costa Norte,5313,0.0,920.0,1056.0
Costa Norte,5314,0.0,850.0,85.0
Costa Norte,5324,0.0,199.0,228.0
Costa Norte,5325,0.0,262.0,0.0
Costa Norte,5334,0.0,21292.0,18485.0
Costa Norte,5335,0.0,1113.0,0.0
Costa Norte,5348,0.0,917.0,361.0
Costa Norte,5352,0.0,405.0,43.0
Costa Norte,5359,0.0,1744.0,8172.0
Costa Norte,5367,0.0,435.0,435.0
Costa Norte,5368,0.0,465.0,248.0
Costa Norte,5387,0.0,696.0,0.0
Costa Norte,5403,0.0,590.0,777.0
Costa Norte,5443,0.0,1388.0,9717.0
Costa Norte,5444,0.0,2933.0,14715.0
Costa Norte,5446,0.0,107.0,0.0
Costa Norte,5461,0.0,7375.0,0.0
Costa Norte,5463,0.0,159.0,1214.0
Costa Norte,5464,0.0,212.0,457.0
Costa Norte,5465,0.0,106.0,173.0
Costa Norte,5467,0.0,106.0,0.0
Costa Norte,5468,0.0,53.0,0.0
Costa Norte,5469,0.0,106.0,0.0
Costa Norte,5470,0.0,53.0,0.0
Costa Norte,5485,0.0,0.0,914.0
Costa Norte,5525,0.0,0.0,371.0
Costa Norte,5546,0.0,0.0,1107.0
Costa Norte,6136,0.0,300.0,919.0
Costa Norte,6156,0.0,808.0,659.0
Costa Norte,6157,0.0,168.0,786.0
Costa Norte,6161,0.0,123.0,304.0
Costa Norte,8004,0.0,0.0,202.0
Costa Norte,8009,0.0,0.0,330.0
Costa Norte,8041,0.0,0.0,109.0
Costa Norte,8102,0.0,0.0,141.0
Garraf,10058,0.0,0.0,6766.0
Garraf,1222,455.0,256.0,40.0
Garraf,1271,5248.0,4380.0,3885.0
Garraf,1608,4058.0,4106.0,3374.0
Garraf,1678,1737.0,1990.0,1951.0
Garraf,1691,2119.0,1585.0,1515.0
Garraf,2828,6374.0,6751.0,8810.0
Garraf,2950,2019.0,826.0,0.0
Garraf,2959,6707.0,5581.0,4946.0
Garraf,3006,15508.0,6018.0,17164.0
Garraf,3298,1216.0,878.0,925.0
Garraf,3568,0.0,12576.0,16098.0
Garraf,3605,4144.0,3977.0,3182.0
Garraf,3673,0.0,535.0,394.0
Garraf,3747,2404.0,718.0,395.0
Garraf,3838,1240.0,1248.0,1194.0
Garraf,4412,2998.0,2824.0,2490.0
Garraf,4635,606.0,425.0,0.0
Garraf,4738,622.0,276.0,0.0
Garraf,4804,0.0,105.0,0.0
Garraf,4806,847.0,573.0,429.0
Garraf,4820,1001.0,937.0,346.0
Garraf,4913,0.0,480.0,0.0
Garraf,4928,0.0,1736.0,2292.0
Garraf,4932,4887.0,3787.0,3440.0
Garraf,4933,5775.0,4977.0,3991.0
Garraf,4943,1704.0,1064.0,42.0
Garraf,4948,36.0,27.0,0.0
Garraf,4975,4016.0,4808.0,265.0
Garraf,4997,1049.0,573.0,582.0
Garraf,4998,4133.0,3489.0,3083.0
Garraf,5101,248.0,284.0,83.0
Garraf,5161,635.0,779.0,0.0
Garraf,5199,176.0,152.0,0.0
Garraf,5236,186.0,458.0,0.0
Garraf,5280,0.0,305.0,0.0
Garraf,5283,0.0,33.0,0.0
Garraf,5285,0.0,80.0,0.0
Garraf,5326,0.0,525.0,0.0
Garraf,5337,0.0,205.0,0.0
Garraf,5342,0.0,40.0,0.0
Garraf,5364,0.0,141.0,0.0
Garraf,5365,0.0,714.0,0.0
Garraf,5366,0.0,275.0,0.0
Garraf,5371,0.0,720.0,699.0
Garraf,5373,0.0,108.0,55.0
Garraf,5376,0.0,195.0,0.0
Garraf,5380,0.0,457.0,359.0
Garraf,5382,0.0,217.0,0.0
Garraf,5390,0.0,0.0,0.0
Garraf,5402,0.0,130.0,0.0
Garraf,5407,0.0,329.0,68.0
Garraf,5408,0.0,39.0,0.0
Garraf,5424,0.0,119.0,0.0
Garraf,5428,0.0,63.0,0.0
Garraf,5448,0.0,54.0,373.0
Garraf,5548,0.0,0.0,1854.0
Garraf,6149,0.0,71.0,0.0
Girona,1001,25725.0,29047.0,23902.0
Girona,10022,0.0,0.0,2730.0
Girona,1003,74997.0,76419.0,83497.0
Girona,10040,0.0,0.0,1257.0
Girona,1014,14749.0,14138.0,11953.0
Girona,1015,3520.0,3689.0,4042.0
Girona,10167,0.0,0.0,200.0
Girona,1024,0.0,0.0,272.0
Girona,1121,12412.0,17550.0,33023.0
Girona,1158,0.0,0.0,383.0
Girona,1498,4262.0,4044.0,701.0
Girona,1510,8301.0,7240.0,10783.0
Girona,1543,0.0,427.0,0.0
Girona,1881,473.0,292.0,30.0
Girona,2235,4016.0,3511.0,5192.0
Girona,2401,1840.0,622.0,0.0
Girona,2581,835.0,1139.0,1045.0
Girona,2751,10372.0,11861.0,13120.0
Girona,2780,10276.0,10533.0,9319.0
Girona,2904,5283.0,3734.0,3194.0
Girona,3022,10426.0,8345.0,11288.0
Girona,3053,1061.0,1154.0,1141.0
Girona,3055,1182.0,1590.0,1498.0
Girona,3075,44.0,90.0,0.0
Girona,3083,5092.0,4515.0,5945.0
Girona,3099,4329.0,4027.0,9133.0
Girona,3112,30836.0,29191.0,33893.0
Girona,3173,9030.0,8408.0,0.0
Girona,3235,756.0,999.0,981.0
Girona,3269,8666.0,8389.0,11710.0
Girona,3397,1503.0,1670.0,190.0
Girona,3425,2690.0,2340.0,1885.0
Girona,3467,27256.0,35840.0,0.0
Girona,3478,2542.0,2941.0,2487.0
Girona,3515,854.0,2396.0,1264.0
Girona,3758,4040.0,3621.0,3910.0
Girona,3818,0.0,120.0,45.0
Girona,4232,4890.0,4676.0,4464.0
Girona,4300,15146.0,15682.0,16407.0
Girona,4372,1198.0,3053.0,0.0
Girona,4382,4505.0,4764.0,3843.0
Girona,4439,4646.0,6045.0,5081.0
Girona,4508,0.0,1027.0,0.0
Girona,4575,1475.0,1119.0,1171.0
Girona,4588,7139.0,7170.0,8278.0
Girona,4591,2957.0,2377.0,2339.0
Girona,4594,1630.0,429.0,586.0
Girona,4599,0.0,109.0,1989.0
Girona,4602,229.0,195.0,394.0
Girona,4612,853.0,924.0,514.0
Girona,4617,2912.0,2785.0,3561.0
Girona,4683,8675.0,1255.0,0.0
Girona,4726,1049.0,576.0,888.0
Girona,4728,347.0,364.0,0.0
Girona,4757,800.0,1256.0,1174.0
Girona,4862,6595.0,5510.0,6881.0
Girona,4884,2678.0,2877.0,3325.0
Girona,4887,9414.0,7922.0,7432.0
Girona,4908,9915.0,10331.0,13756.0
Girona,4909,3489.0,174.0,0.0
Girona,4987,87.0,-44.0,0.0
Girona,5040,2990.0,3015.0,2581.0
Girona,5111,5371.0,2215.0,0.0
Girona,5127,1107.0,242.0,0.0
Girona,5137,92.0,0.0,0.0
Girona,5193,342.0,0.0,160.0
Girona,5201,587.0,1831.0,1329.0
Girona,5205,722.0,936.0,778.0
Girona,5235,588.0,1644.0,3136.0
Girona,5239,1289.0,6158.0,4134.0
Girona,5255,86.0,266.0,276.0
Girona,5266,0.0,4092.0,4886.0
Girona,5270,0.0,5888.0,3174.0
Girona,5274,0.0,476.0,0.0
Girona,5275,0.0,133.0,0.0
Girona,5293,0.0,1958.0,0.0
Girona,5300,0.0,1092.0,374.0
Girona,5315,0.0,174.0,0.0
Girona,5330,0.0,1308.0,2683.0
Girona,5331,0.0,180.0,0.0
Girona,5332,0.0,2924.0,5658.0
Girona,5338,0.0,4306.0,7273.0
Girona,5340,0.0,494.0,297.0
Girona,5347,0.0,4989.0,8441.0
Girona,5386,0.0,125.0,139.0
Girona,5388,0.0,1560.0,3708.0
Girona,5439,0.0,280.0,0.0
Girona,5477,0.0,0.0,40194.0
Girona,5512,0.0,0.0,3178.0
Girona,5519,0.0,0.0,124.0
Girona,5526,0.0,0.0,1598.0
Girona,5547,0.0,0.0,178.0
Girona,5549,0.0,0.0,58.0
Girona,5551,0.0,0.0,220.0
Girona,5552,0.0,0.0,505.0
Girona,5554,0.0,0.0,104.0
Girona,8008,0.0,0.0,110.0
Girona,8038,0.0,0.0,161.0
Igualada Activa,10010,0.0,0.0,45.0
Igualada Activa,1225,22421.0,21024.0,9168.0
Igualada Activa,1635,4368.0,657.0,0.0
Igualada Activa,1913,2165.0,1239.0,0.0
Igualada Activa,1938,1872.0,1595.0,2310.0
Igualada Activa,2436,6397.0,6046.0,2601.0
Igualada Activa,3186,8235.0,7164.0,6095.0
Igualada Activa,3678,4935.0,-80.0,0.0
Igualada Activa,3743,3404.0,3097.0,1860.0
Igualada Activa,3893,1893.0,1673.0,1592.0
Igualada Activa,3948,7439.0,9856.0,5593.0
Igualada Activa,4708,12432.0,12663.0,5795.0
Igualada Activa,4719,126.0,58.0,0.0
Igualada Activa,4773,2742.0,3605.0,3810.0
Igualada Activa,4863,7335.0,96.0,0.0
Igualada Activa,4875,25203.0,34610.0,28859.0
Igualada Activa,4952,1091.0,563.0,0.0
Igualada Activa,4967,1387.0,1166.0,1009.0
Igualada Activa,4982,837.0,960.0,1474.0
Igualada Activa,4985,4196.0,4847.0,1963.0
Igualada Activa,5061,814.0,2123.0,2578.0
Igualada Activa,5093,4720.0,3973.0,1418.0
Igualada Activa,5220,256.0,439.0,0.0
Igualada Activa,5254,97.0,298.0,0.0
Igualada Activa,5261,0.0,4141.0,3988.0
Igualada Activa,5392,0.0,732.0,4510.0
Igualada Activa,5417,0.0,420.0,178.0
Igualada Activa,5423,0.0,433.0,195.0
Igualada Activa,8003,0.0,0.0,1672.0
Lleida,6125,55.0,0.0,323.0
Lleida Alternativa,1039,7224.0,6507.0,7225.0
Lleida Alternativa,1055,801.0,809.0,0.0
Lleida Alternativa,1258,3259.0,3262.0,3894.0
Lleida Alternativa,2410,35931.0,37496.0,41233.0
Lleida Alternativa,2969,0.0,17320.0,18455.0
Lleida Alternativa,3008,66.0,581.0,441.0
Lleida Alternativa,3162,6845.0,6585.0,4379.0
Lleida Alternativa,3367,5461.0,4930.0,6590.0
Lleida Alternativa,3441,1128.0,1230.0,1222.0
Lleida Alternativa,3734,3883.0,3885.0,659.0
Lleida Alternativa,3772,263.0,211.0,0.0
Lleida Alternativa,3862,2842.0,2116.0,0.0
Lleida Alternativa,3875,1407.0,1280.0,2278.0
Lleida Alternativa,4091,52607.0,48917.0,49139.0
Lleida Alternativa,4132,2212.0,1823.0,1590.0
Lleida Alternativa,4495,1948.0,1517.0,0.0
Lleida Alternativa,4547,9442.0,5031.0,2983.0
Lleida Alternativa,4634,2356.0,1824.0,0.0
Lleida Alternativa,4769,1895.0,1459.0,1414.0
Lleida Alternativa,4787,2573.0,4917.0,5515.0
Lleida Alternativa,4926,404.0,160.0,135.0
Lleida Alternativa,4944,508.0,429.0,0.0
Lleida Alternativa,4945,606.0,931.0,749.0
Lleida Alternativa,5346,0.0,641.0,0.0
Lleida Alternativa,5369,0.0,31.0,0.0
Lleida Alternativa,5374,0.0,461.0,0.0
Lleida Alternativa,5398,0.0,44.0,0.0
Lleida Alternativa,5404,0.0,57.0,0.0
Lleida Alternativa,5416,0.0,72.0,0.0
Lleida Alternativa,5422,0.0,51.0,0.0
Lleida Alternativa,5426,0.0,420.0,241.0
Lleida Alternativa,5430,0.0,447.0,111.0
Lleida Alternativa,5486,0.0,0.0,1825.0
Lleida Alternativa,6158,0.0,370.0,1969.0
Manresa,10001,0.0,0.0,0.0
Manresa,10097,0.0,0.0,733.0
Manresa,1079,12316.0,12505.0,8081.0
Manresa,1432,58440.0,69590.0,139019.0
Manresa,1642,21969.0,21922.0,16578.0
Manresa,1854,5866.0,5085.0,6762.0
Manresa,1957,8463.0,16127.0,15876.0
Manresa,1975,7055.0,5451.0,4970.0
Manresa,2085,65922.0,53703.0,55052.0
Manresa,2105,3934.0,3090.0,2343.0
Manresa,2106,2094.0,2749.0,2276.0
Manresa,2116,15975.0,16423.0,16207.0
Manresa,2379,12384.0,11618.0,12575.0
Manresa,2428,1417.0,1878.0,849.0
Manresa,3081,871.0,891.0,832.0
Manresa,3398,5353.0,4175.0,0.0
Manresa,3458,15167.0,16131.0,17419.0
Manresa,3462,17603.0,16520.0,17365.0
Manresa,3538,4286.0,1785.0,0.0
Manresa,3552,1314.0,49.0,0.0
Manresa,3683,1078.0,1332.0,1119.0
Manresa,3762,1943.0,2001.0,2820.0
Manresa,3848,23445.0,24356.0,28318.0
Manresa,4077,1187.0,1101.0,1077.0
Manresa,4190,5737.0,4816.0,4275.0
Manresa,4345,2728.0,3257.0,3703.0
Manresa,4347,7620.0,7924.0,2533.0
Manresa,4532,3545.0,2678.0,4810.0
Manresa,4630,8133.0,3332.0,4368.0
Manresa,4654,964.0,501.0,107.0
Manresa,4680,865.0,706.0,384.0
Manresa,4695,942.0,756.0,713.0
Manresa,4781,2485.0,2007.0,895.0
Manresa,4977,2680.0,1909.0,2119.0
Manresa,4979,507.0,324.0,821.0
Manresa,5046,2975.0,5174.0,8338.0
Manresa,5073,576.0,80.0,0.0
Manresa,5080,537.0,637.0,1054.0
Manresa,5121,1634.0,1931.0,1744.0
Manresa,5180,1678.0,3159.0,3539.0
Manresa,5223,2166.0,8104.0,8101.0
Manresa,5224,433.0,1595.0,2715.0
Manresa,5256,1983.0,6899.0,3553.0
Manresa,5292,0.0,3461.0,308.0
Manresa,5308,0.0,404.0,47.0
Manresa,5309,0.0,590.0,64.0
Manresa,5321,0.0,1326.0,925.0
Manresa,5344,0.0,115.0,0.0
Manresa,5393,0.0,1475.0,1706.0
Manresa,5399,0.0,423.0,931.0
Manresa,5400,0.0,1718.0,4436.0
Manresa,5434,0.0,881.0,1298.0
Manresa,5480,0.0,0.0,101.0
Manresa,5510,0.0,0.0,2223.0
Manresa,5513,0.0,0.0,1776.0
Manresa,5522,0.0,0.0,1521.0
Manresa,5523,0.0,0.0,83.0
Manresa,5524,0.0,0.0,411.0
Manresa,5538,0.0,0.0,2750.0
Manresa,6007,0.0,0.0,693.0
Manresa,6146,0.0,532.0,1502.0
Manresa,6151,0.0,522.0,914.0
Manresa,8049,0.0,0.0,0.0
Manresa,8073,0.0,0.0,0.0
Maresme,1,0.0,558.0,549.0
Maresme,10021,0.0,0.0,5306.0
Maresme,10050,0.0,0.0,943.0
Maresme,10158,0.0,0.0,1367.0
Maresme,1229,5665.0,2545.0,9583.0
Maresme,1345,3419.0,2886.0,3402.0
Maresme,1356,10236.0,10732.0,10500.0
Maresme,1369,1246.0,1045.0,0.0
Maresme,1455,1033.0,1162.0,1332.0
Maresme,1630,18704.0,17865.0,19827.0
Maresme,1937,1065.0,2652.0,2407.0
Maresme,1944,5637.0,5914.0,5792.0
Maresme,2220,5141.0,5092.0,8356.0
Maresme,2621,9294.0,10296.0,8433.0
Maresme,2706,1196.0,8590.0,16658.0
Maresme,2796,13422.0,12061.0,15526.0
Maresme,3297,949.0,338.0,0.0
Maresme,3413,9349.0,6857.0,5548.0
Maresme,3424,399.0,356.0,614.0
Maresme,3445,1167.0,190.0,0.0
Maresme,3457,6149.0,6545.0,8307.0
Maresme,3710,1263.0,1561.0,1866.0
Maresme,3718,16264.0,12893.0,5185.0
Maresme,3899,1574.0,1807.0,0.0
Maresme,4075,271.0,117.0,0.0
Maresme,4381,12243.0,12496.0,16294.0
Maresme,4387,8626.0,4969.0,1755.0
Maresme,4393,3722.0,3987.0,4111.0
Maresme,4405,2550.0,2878.0,3479.0
Maresme,4418,1933.0,1962.0,2728.0
Maresme,4529,5481.0,1030.0,1859.0
Maresme,4657,0.0,969.0,1123.0
Maresme,4767,5302.0,5594.0,5682.0
Maresme,4811,265.0,329.0,232.0
Maresme,4828,1994.0,2840.0,2904.0
Maresme,5011,1434.0,1555.0,1342.0
Maresme,5072,1669.0,2237.0,2394.0
Maresme,5117,551.0,693.0,431.0
Maresme,5159,953.0,2851.0,2275.0
Maresme,5162,1738.0,2225.0,618.0
Maresme,5167,1978.0,8479.0,10009.0
Maresme,5178,1436.0,3388.0,4036.0
Maresme,5257,65.0,723.0,606.0
Maresme,5262,0.0,3109.0,2743.0
Maresme,5273,0.0,1717.0,0.0
Maresme,5377,0.0,595.0,2872.0
Maresme,5379,0.0,673.0,173.0
Maresme,5425,0.0,528.0,0.0
Maresme,5436,0.0,503.0,2162.0
Maresme,5447,0.0,556.0,981.0
Maresme,5504,0.0,0.0,315.0
Maresme,5531,0.0,0.0,63.0
Maresme,8111,0.0,0.0,1161.0
No Contemplar,8118,0.0,0.0,12346.0
Sin Dato,10008,0.0,0.0,30.0
Sin Dato,10095,0.0,0.0,46.0
Sin Dato,10126,0.0,0.0,87.0
Sin Dato,10177,0.0,0.0,98.0
Sin Dato,1129,1104.0,0.0,0.0
Sin Dato,1134,429.0,0.0,0.0
Sin Dato,1167,1709.0,0.0,0.0
Sin Dato,1265,823.0,0.0,0.0
Sin Dato,1359,1751.0,0.0,0.0
Sin Dato,1403,1416.0,0.0,0.0
Sin Dato,1439,653.0,0.0,0.0
Sin Dato,1485,491.0,0.0,0.0
Sin Dato,1488,1369.0,0.0,0.0
Sin Dato,1538,38254.0,0.0,0.0
Sin Dato,1568,4772.0,0.0,0.0
Sin Dato,1620,512.0,0.0,0.0
Sin Dato,1864,3157.0,0.0,0.0
Sin Dato,1866,85.0,0.0,0.0
Sin Dato,1910,785.0,0.0,0.0
Sin Dato,1970,12283.0,0.0,0.0
Sin Dato,1985,348.0,0.0,0.0
Sin Dato,2233,1722.0,0.0,0.0
Sin Dato,2292,457.0,0.0,0.0
Sin Dato,2330,12478.0,0.0,0.0
Sin Dato,2362,2360.0,0.0,0.0
Sin Dato,2363,1322.0,0.0,0.0
Sin Dato,2619,3941.0,0.0,0.0
Sin Dato,2629,339.0,0.0,0.0
Sin Dato,2657,615.0,0.0,0.0
Sin Dato,2676,533.0,0.0,0.0
Sin Dato,2858,1624.0,0.0,0.0
Sin Dato,2877,5606.0,0.0,0.0
Sin Dato,2905,407.0,0.0,0.0
Sin Dato,2925,4121.0,0.0,0.0
Sin Dato,3103,69.0,0.0,0.0
Sin Dato,3180,824.0,0.0,0.0
Sin Dato,3181,907.0,0.0,0.0
Sin Dato,3195,661.0,0.0,0.0
Sin Dato,3202,493.0,0.0,0.0
Sin Dato,3259,6991.0,0.0,0.0
Sin Dato,3275,2818.0,0.0,0.0
Sin Dato,3288,134.0,0.0,0.0
Sin Dato,3290,163.0,0.0,0.0
Sin Dato,3292,4246.0,0.0,0.0
Sin Dato,3300,50.0,0.0,0.0
Sin Dato,3318,128.0,0.0,0.0
Sin Dato,3331,10772.0,0.0,0.0
Sin Dato,3340,142.0,0.0,0.0
Sin Dato,3429,174.0,0.0,0.0
Sin Dato,3439,913.0,0.0,0.0
Sin Dato,3514,3783.0,0.0,0.0
Sin Dato,3557,198.0,0.0,0.0
Sin Dato,3559,533.0,0.0,0.0
Sin Dato,3623,731.0,0.0,0.0
Sin Dato,3651,234.0,0.0,0.0
Sin Dato,3669,47.0,0.0,0.0
Sin Dato,3674,4230.0,0.0,0.0
Sin Dato,3693,597.0,0.0,0.0
Sin Dato,3721,640.0,0.0,0.0
Sin Dato,3757,1522.0,0.0,0.0
Sin Dato,3813,0.0,0.0,0.0
Sin Dato,3828,0.0,0.0,0.0
Sin Dato,3829,176.0,0.0,0.0
Sin Dato,3864,224.0,0.0,0.0
Sin Dato,3865,224.0,0.0,0.0
Sin Dato,3914,605.0,0.0,0.0
Sin Dato,3916,708.0,0.0,0.0
Sin Dato,3946,99.0,0.0,0.0
Sin Dato,3949,89.0,0.0,0.0
Sin Dato,3950,546.0,0.0,0.0
Sin Dato,3971,376.0,0.0,0.0
Sin Dato,4033,0.0,0.0,70.0
Sin Dato,4035,444.0,0.0,0.0
Sin Dato,4039,63.0,0.0,0.0
Sin Dato,4064,240.0,0.0,0.0
Sin Dato,4081,682.0,0.0,0.0
Sin Dato,4126,736.0,0.0,0.0
Sin Dato,4151,1160.0,0.0,0.0
Sin Dato,4164,814.0,0.0,0.0
Sin Dato,4200,1385.0,0.0,0.0
Sin Dato,4217,3489.0,0.0,0.0
Sin Dato,4237,144.0,0.0,0.0
Sin Dato,4249,10513.0,0.0,0.0
Sin Dato,4264,0.0,0.0,46.0
Sin Dato,4268,204.0,0.0,0.0
Sin Dato,4294,222.0,0.0,0.0
Sin Dato,4303,117.0,0.0,0.0
Sin Dato,4312,112.0,0.0,0.0
Sin Dato,4360,423.0,0.0,0.0
Sin Dato,4396,1690.0,0.0,0.0
Sin Dato,4408,10670.0,0.0,0.0
Sin Dato,4413,9474.0,0.0,0.0
Sin Dato,4414,900.0,0.0,0.0
Sin Dato,4421,0.0,0.0,1490.0
Sin Dato,4433,787.0,0.0,0.0
Sin Dato,4444,196.0,0.0,0.0
Sin Dato,4448,2077.0,0.0,0.0
Sin Dato,4473,1712.0,0.0,0.0
Sin Dato,4483,110.0,0.0,0.0
Sin Dato,4491,9803.0,0.0,0.0
Sin Dato,4497,792.0,0.0,0.0
Sin Dato,4499,277.0,0.0,0.0
Sin Dato,4504,5001.0,0.0,0.0
Sin Dato,4518,255.0,0.0,0.0
Sin Dato,4545,8993.0,0.0,0.0
Sin Dato,4596,753.0,0.0,0.0
Sin Dato,4607,97.0,0.0,0.0
Sin Dato,4608,71.0,0.0,0.0
Sin Dato,4609,122.0,0.0,0.0
Sin Dato,4627,1794.0,0.0,0.0
Sin Dato,4642,141.0,0.0,0.0
Sin Dato,4658,722.0,0.0,0.0
Sin Dato,4664,2304.0,0.0,0.0
Sin Dato,4669,95.0,0.0,0.0
Sin Dato,4676,1038.0,0.0,0.0
Sin Dato,4682,5362.0,0.0,0.0
Sin Dato,4690,64.0,0.0,0.0
Sin Dato,4694,1128.0,0.0,0.0
Sin Dato,4699,88.0,0.0,0.0
Sin Dato,4735,10696.0,0.0,0.0
Sin Dato,4741,191.0,0.0,0.0
Sin Dato,4748,144.0,0.0,0.0
Sin Dato,4763,100.0,0.0,0.0
Sin Dato,4779,176.0,0.0,0.0
Sin Dato,4784,187.0,0.0,0.0
Sin Dato,4788,17201.0,0.0,0.0
Sin Dato,4814,2142.0,0.0,0.0
Sin Dato,4817,216.0,0.0,0.0
Sin Dato,4832,93.0,0.0,0.0
Sin Dato,4834,3248.0,0.0,0.0
Sin Dato,4843,500.0,0.0,0.0
Sin Dato,4849,149.0,0.0,0.0
Sin Dato,4852,554.0,0.0,0.0
Sin Dato,4853,29.0,0.0,0.0
Sin Dato,4855,2951.0,0.0,0.0
Sin Dato,4860,2155.0,0.0,0.0
Sin Dato,4868,989.0,0.0,0.0
Sin Dato,4877,220.0,0.0,0.0
Sin Dato,4879,2578.0,0.0,0.0
Sin Dato,4880,1273.0,0.0,0.0
Sin Dato,4882,835.0,0.0,0.0
Sin Dato,4883,205.0,0.0,0.0
Sin Dato,4901,2784.0,0.0,0.0
Sin Dato,4904,414.0,0.0,0.0
Sin Dato,4905,704.0,0.0,0.0
Sin Dato,4911,36.0,0.0,0.0
Sin Dato,4912,132.0,0.0,0.0
Sin Dato,4916,1097.0,0.0,0.0
Sin Dato,4920,-43.0,0.0,0.0
Sin Dato,4921,601.0,0.0,0.0
Sin Dato,4922,84.0,0.0,0.0
Sin Dato,4931,0.0,0.0,659.0
Sin Dato,4938,36.0,0.0,0.0
Sin Dato,4946,148.0,0.0,0.0
Sin Dato,4947,1132.0,0.0,0.0
Sin Dato,4951,62.0,0.0,0.0
Sin Dato,4953,100.0,0.0,0.0
Sin Dato,4957,-103.0,0.0,0.0
Sin Dato,4960,1487.0,0.0,0.0
Sin Dato,4961,897.0,0.0,0.0
Sin Dato,4964,70.0,0.0,0.0
Sin Dato,4971,164.0,0.0,0.0
Sin Dato,4972,369.0,0.0,0.0
Sin Dato,4984,144.0,0.0,0.0
Sin Dato,4989,226.0,0.0,0.0
Sin Dato,4999,182.0,0.0,0.0
Sin Dato,5003,274.0,0.0,0.0
Sin Dato,5019,129.0,0.0,0.0
Sin Dato,5022,1071.0,0.0,0.0
Sin Dato,5030,274.0,0.0,0.0
Sin Dato,5034,-27.0,0.0,0.0
Sin Dato,5038,0.0,0.0,0.0
Sin Dato,5041,55.0,0.0,0.0
Sin Dato,5043,221.0,0.0,0.0
Sin Dato,5044,229.0,0.0,0.0
Sin Dato,5060,729.0,0.0,0.0
Sin Dato,5062,3408.0,0.0,0.0
Sin Dato,5063,520.0,0.0,0.0
Sin Dato,5065,2751.0,0.0,0.0
Sin Dato,5066,576.0,0.0,0.0
Sin Dato,5067,74.0,0.0,0.0
Sin Dato,5081,154.0,0.0,0.0
Sin Dato,5084,336.0,0.0,0.0
Sin Dato,5087,197.0,0.0,0.0
Sin Dato,5088,42.0,0.0,0.0
Sin Dato,5091,88.0,0.0,0.0
Sin Dato,5094,26.0,0.0,0.0
Sin Dato,5095,616.0,0.0,0.0
Sin Dato,5100,134.0,0.0,121.0
Sin Dato,5105,0.0,0.0,0.0
Sin Dato,5106,14.0,0.0,0.0
Sin Dato,5108,285.0,0.0,0.0
Sin Dato,5114,105.0,0.0,0.0
Sin Dato,5115,52.0,0.0,351.0
Sin Dato,5118,268.0,0.0,0.0
Sin Dato,5119,8566.0,0.0,0.0
Sin Dato,5125,234.0,0.0,0.0
Sin Dato,5131,146.0,0.0,0.0
Sin Dato,5133,110.0,0.0,0.0
Sin Dato,5135,315.0,0.0,0.0
Sin Dato,5141,56.0,0.0,0.0
Sin Dato,5143,1080.0,0.0,0.0
Sin Dato,5144,248.0,0.0,0.0
Sin Dato,5145,875.0,0.0,0.0
Sin Dato,5146,1534.0,0.0,0.0
Sin Dato,5147,1568.0,0.0,0.0
Sin Dato,5148,3246.0,0.0,0.0
Sin Dato,5151,59.0,0.0,0.0
Sin Dato,5152,855.0,0.0,0.0
Sin Dato,5153,678.0,0.0,0.0
Sin Dato,5158,231.0,0.0,0.0
Sin Dato,5163,310.0,0.0,0.0
Sin Dato,5164,428.0,0.0,0.0
Sin Dato,5172,793.0,0.0,0.0
Sin Dato,5173,113.0,0.0,0.0
Sin Dato,5175,169.0,0.0,0.0
Sin Dato,5176,1993.0,0.0,0.0
Sin Dato,5184,101.0,0.0,0.0
Sin Dato,5185,244.0,0.0,0.0
Sin Dato,5186,73.0,0.0,0.0
Sin Dato,5188,59.0,0.0,0.0
Sin Dato,5191,377.0,0.0,0.0
Sin Dato,5195,220.0,0.0,0.0
Sin Dato,5198,301.0,0.0,0.0
Sin Dato,5200,38.0,0.0,0.0
Sin Dato,5203,74.0,0.0,0.0
Sin Dato,5208,62.0,0.0,0.0
Sin Dato,5210,209.0,0.0,0.0
Sin Dato,5214,254.0,0.0,0.0
Sin Dato,5216,1126.0,0.0,0.0
Sin Dato,5232,154.0,0.0,0.0
Sin Dato,5233,527.0,0.0,0.0
Sin Dato,5234,398.0,0.0,0.0
Sin Dato,5237,234.0,0.0,0.0
Sin Dato,5238,152.0,0.0,259.0
Sin Dato,5244,51.0,0.0,0.0
Sin Dato,5245,96.0,0.0,0.0
Sin Dato,5252,67.0,0.0,0.0
Sin Dato,5253,64.0,0.0,0.0
Sin Dato,5258,47.0,0.0,0.0
Sin Dato,6025,4213.0,0.0,0.0
Sin Dato,7425,322.0,0.0,0.0
Sin Dato,8044,0.0,0.0,118.0
Sin Dato,8045,0.0,0.0,188.0
Sin Dato,8046,0.0,0.0,60.0
Sin Dato,8104,0.0,0.0,163.0
Sin Dato,8107,0.0,0.0,187.0
Sin Dato,8108,0.0,0.0,46.0
Sin Dato,8109,0.0,0.0,409.0
Sin Dato,8110,0.0,0.0,2070.0
Sin Dato,8112,0.0,0.0,71.0
Sin Dato,8119,0.0,0.0,117.0
Sin Dato,8125,0.0,0.0,52.0
Sin Dato,8127,0.0,0.0,188.0
Sin Dato,8128,0.0,0.0,102.0
Sin Dato,8130,0.0,0.0,46.0
Sin Dato,8131,0.0,0.0,200.0
Sin Dato,8132,0.0,0.0,250.0
Sin Dato,8134,0.0,0.0,1151.0
Sin Dato,8136,0.0,0.0,300.0
Sin Dato,8140,0.0,0.0,57.0
Sin Dato,8141,0.0,0.0,97.0
Sin Dato,8145,0.0,0.0,191.0
Sin Dato,8146,0.0,0.0,58.0
Sin Dato,8147,0.0,0.0,55.0
Sin Dato,8150,0.0,0.0,488.0
Sin Dato,9027,0.0,0.0,35.0
Tarragona,10094,0.0,0.0,1536.0
Tarragona,1470,8777.0,9128.0,374.0
Tarragona,1563,13056.0,13094.0,13476.0
Tarragona,1679,3565.0,4000.0,4878.0
Tarragona,1696,5969.0,5389.0,3841.0
Tarragona,2127,21930.0,24061.0,30399.0
Tarragona,2295,9183.0,8525.0,10796.0
Tarragona,2733,33006.0,29292.0,35309.0
Tarragona,2940,16557.0,19829.0,10177.0
Tarragona,2986,1240.0,1705.0,2212.0
Tarragona,3021,837.0,9157.0,5769.0
Tarragona,3178,10278.0,6064.0,0.0
Tarragona,3247,14737.0,9457.0,4401.0
Tarragona,3509,4299.0,4122.0,2825.0
Tarragona,3524,4751.0,5399.0,5264.0
Tarragona,3637,9506.0,8516.0,11798.0
Tarragona,3740,0.0,879.0,746.0
Tarragona,3760,12851.0,11943.0,12031.0
Tarragona,3857,853.0,430.0,0.0
Tarragona,3943,5195.0,5161.0,5873.0
Tarragona,4013,611.0,700.0,1323.0
Tarragona,4203,1262.0,878.0,917.0
Tarragona,4566,1678.0,1969.0,1828.0
Tarragona,4585,1504.0,1545.0,3390.0
Tarragona,4624,3002.0,3499.0,3625.0
Tarragona,4675,2763.0,3521.0,4208.0
Tarragona,4687,1676.0,971.0,871.0
Tarragona,4702,2952.0,8467.0,10056.0
Tarragona,4846,12140.0,14034.0,14249.0
Tarragona,4894,1422.0,1588.0,1788.0
Tarragona,4915,413.0,0.0,742.0
Tarragona,4924,964.0,1045.0,254.0
Tarragona,5089,0.0,0.0,1307.0
Tarragona,5122,352.0,499.0,132.0
Tarragona,5196,436.0,1620.0,2874.0
Tarragona,5225,37.0,262.0,0.0
Tarragona,5341,0.0,68.0,0.0
Tarragona,5345,0.0,206.0,217.0
Tarragona,5350,0.0,114.0,0.0
Tarragona,5356,0.0,1971.0,3927.0
Tarragona,5360,0.0,677.0,0.0
Tarragona,5372,0.0,1595.0,938.0
Tarragona,5384,0.0,2107.0,3214.0
Tarragona,5389,0.0,300.0,251.0
Tarragona,5394,0.0,145.0,0.0
Tarragona,5396,0.0,212.0,147.0
Tarragona,5401,0.0,4778.0,7484.0
Tarragona,5405,0.0,1999.0,3950.0
Tarragona,5409,0.0,64.0,0.0
Tarragona,5410,0.0,347.0,293.0
Tarragona,5412,0.0,146.0,0.0
Tarragona,5413,0.0,170.0,0.0
Tarragona,5419,0.0,124.0,0.0
Tarragona,5420,0.0,610.0,893.0
Tarragona,5421,0.0,98.0,0.0
Tarragona,5457,0.0,0.0,7627.0
Tarragona,5478,0.0,0.0,64.0
Tarragona,5516,0.0,857.0,119.0
Tarragona,5556,0.0,0.0,371.0
Tarragona,6090,0.0,0.0,527.0
Tarragona,6159,0.0,35.0,0.0
Tarragona,8042,0.0,0.0,421.0
Valles,0,0.0,0.0,0.0
Valles,10012,0.0,0.0,50.0
Valles,10013,0.0,0.0,554.0
Valles,10015,0.0,0.0,87.0
Valles,10016,0.0,0.0,250.0
Valles,10024,0.0,0.0,1105.0
Valles,10029,0.0,0.0,0.0
Valles,10046,0.0,0.0,0.0
Valles,10061,0.0,0.0,1104.0
Valles,10066,0.0,0.0,509.0
Valles,10067,0.0,0.0,975.0
Valles,10071,0.0,0.0,7639.0
Valles,10080,0.0,0.0,4770.0
Valles,10088,0.0,0.0,8895.0
Valles,10104,0.0,0.0,1342.0
Valles,10151,0.0,0.0,9591.0
Valles,1021,30087.0,10662.0,13704.0
Valles,1041,216.0,247.0,212.0
Valles,1216,6083.0,5599.0,6885.0
Valles,1243,1050.0,1198.0,1012.0
Valles,1302,68.0,5820.0,7342.0
Valles,1464,1477.0,1523.0,2415.0
Valles,1475,0.0,244.0,152.0
Valles,1482,7824.0,7726.0,7990.0
Valles,1486,10581.0,10509.0,10907.0
Valles,1497,2438.0,2414.0,1992.0
Valles,1499,3032.0,3434.0,2964.0
Valles,1552,7945.0,8897.0,13272.0
Valles,1609,2433.0,2633.0,2936.0
Valles,1849,312.0,309.0,403.0
Valles,1886,14471.0,10479.0,0.0
Valles,1903,12444.0,12016.0,12535.0
Valles,1991,32927.0,36387.0,42659.0
Valles,2063,7839.0,7063.0,6040.0
Valles,2117,673632.0,664563.0,640809.0
Valles,2118,1935.0,1467.0,1634.0
Valles,2144,1903.0,1009.0,309.0
Valles,2162,4699.0,7632.0,11598.0
Valles,2185,1272.0,1202.0,1101.0
Valles,2276,52674.0,50831.0,68521.0
Valles,2359,18363.0,21335.0,23184.0
Valles,2417,8438.0,7600.0,4699.0
Valles,2461,716.0,667.0,0.0
Valles,2499,3452.0,5102.0,4894.0
Valles,2506,1938.0,1935.0,2066.0
Valles,2508,21252.0,20566.0,25767.0
Valles,2586,2796.0,1405.0,0.0
Valles,2617,2326.0,1521.0,1121.0
Valles,2627,9443.0,9681.0,10173.0
Valles,2665,3919.0,3505.0,95.0
Valles,2797,5929.0,4905.0,7040.0
Valles,2850,2310.0,2327.0,1925.0
Valles,2920,5575.0,6367.0,5659.0
Valles,2928,0.0,16087.0,21396.0
Valles,3032,1978.0,1325.0,948.0
Valles,3036,7730.0,6795.0,6991.0
Valles,3061,3453.0,3116.0,3086.0
Valles,3179,25672.0,26006.0,27425.0
Valles,3187,936.0,1130.0,924.0
Valles,3218,4349.0,4640.0,4601.0
Valles,3222,915.0,1501.0,991.0
Valles,3262,73097.0,100848.0,129089.0
Valles,3317,4134.0,3753.0,4217.0
Valles,3321,4569.0,7527.0,6418.0
Valles,3408,2293.0,2301.0,2349.0
Valles,3476,1269.0,625.0,1081.0
Valles,3571,7722.0,7605.0,7925.0
Valles,3603,18565.0,35510.0,47339.0
Valles,3708,19304.0,19095.0,21800.0
Valles,3763,1307.0,909.0,0.0
Valles,3781,1936.0,2051.0,1901.0
Valles,3798,5757.0,12320.0,17727.0
Valles,3799,8330.0,11666.0,13736.0
Valles,3811,6697.0,6085.0,7251.0
Valles,3866,0.0,0.0,30.0
Valles,3891,1353.0,1221.0,158.0
Valles,3906,497.0,169.0,0.0
Valles,3974,1373.0,1164.0,1116.0
Valles,3993,3046.0,1621.0,41.0
Valles,4002,2038.0,1382.0,2257.0
Valles,4005,4303.0,2333.0,0.0
Valles,4009,0.0,43.0,0.0
Valles,4060,2677.0,2152.0,1564.0
Valles,4093,477.0,277.0,0.0
Valles,4141,2496.0,3393.0,74.0
Valles,4143,355.0,2312.0,3619.0
Valles,4154,155.0,0.0,235.0
Valles,4187,3566.0,1065.0,866.0
Valles,4283,299.0,156.0,0.0
Valles,4370,548.0,211.0,0.0
Valles,4373,7264.0,8755.0,9983.0
Valles,4419,4076.0,3753.0,4357.0
Valles,4446,5005.0,3902.0,3672.0
Valles,4449,718.0,1654.0,1663.0
Valles,4521,23211.0,21539.0,18921.0
Valles,4526,6395.0,17471.0,20095.0
Valles,4527,3745.0,4534.0,2931.0
Valles,4530,6582.0,2374.0,0.0
Valles,4542,14997.0,5011.0,2193.0
Valles,4544,2015.0,1917.0,2241.0
Valles,4571,6627.0,6677.0,4760.0
Valles,4586,1265.0,1704.0,1688.0
Valles,4592,1471.0,1782.0,418.0
Valles,4611,5301.0,3212.0,3417.0
Valles,4629,2379.0,2583.0,2584.0
Valles,4633,1798.0,771.0,971.0
Valles,4636,834.0,1126.0,1257.0
Valles,4641,626.0,169.0,0.0
Valles,4655,618.0,414.0,0.0
Valles,4663,9280.0,1918.0,0.0
Valles,4696,1160.0,1833.0,392.0
Valles,4710,1810.0,1333.0,1048.0
Valles,4720,2262.0,4468.0,4909.0
Valles,4730,9439.0,9984.0,6174.0
Valles,4743,1801.0,808.0,0.0
Valles,4749,3040.0,2977.0,2105.0
Valles,4754,0.0,1304.0,849.0
Valles,4756,2036.0,1963.0,595.0
Valles,4791,398.0,315.0,195.0
Valles,4792,1137.0,1013.0,752.0
Valles,4793,2010.0,1462.0,1770.0
Valles,4794,5893.0,5305.0,4587.0
Valles,4796,4800.0,5480.0,7098.0
Valles,4797,11741.0,10563.0,6781.0
Valles,4812,3620.0,3715.0,4024.0
Valles,4826,1045.0,1436.0,1535.0
Valles,4835,544.0,605.0,0.0
Valles,4848,565.0,372.0,716.0
Valles,4876,559.0,0.0,118.0
Valles,4899,2059.0,1278.0,1004.0
Valles,4959,9270.0,10543.0,6726.0
Valles,4963,922.0,1165.0,844.0
Valles,4973,2146.0,2070.0,2342.0
Valles,5006,928.0,782.0,0.0
Valles,5008,6118.0,6415.0,1075.0
Valles,5021,4600.0,3742.0,4303.0
Valles,5039,1261.0,866.0,566.0
Valles,5082,514.0,594.0,535.0
Valles,5083,1336.0,1001.0,524.0
Valles,5086,18505.0,14378.0,15199.0
Valles,5102,3755.0,185.0,0.0
Valles,5104,3342.0,4328.0,4788.0
Valles,5136,1175.0,1491.0,0.0
Valles,5138,4977.0,3237.0,0.0
Valles,5140,13954.0,9653.0,5587.0
Valles,5157,774.0,1246.0,0.0
Valles,5165,205.0,155.0,49.0
Valles,5174,883.0,1414.0,1009.0
Valles,5182,2954.0,5136.0,0.0
Valles,5207,351.0,91.0,0.0
Valles,5211,1435.0,3865.0,3448.0
Valles,5217,554.0,819.0,569.0
Valles,5219,322.0,491.0,0.0
Valles,5222,302.0,643.0,124.0
Valles,5227,2105.0,5398.0,3351.0
Valles,5228,585.0,224.0,0.0
Valles,5230,318.0,1059.0,934.0
Valles,5240,46.0,188.0,0.0
Valles,5249,332.0,1197.0,1449.0
Valles,5259,43.0,488.0,744.0
Valles,5268,0.0,2753.0,0.0
Valles,5284,0.0,1413.0,712.0
Valles,5294,0.0,1340.0,1341.0
Valles,5310,0.0,4232.0,6666.0
Valles,5311,0.0,89.0,0.0
Valles,5320,0.0,4938.0,4802.0
Valles,5349,0.0,2025.0,2758.0
Valles,5358,0.0,3239.0,4307.0
Valles,5361,0.0,1181.0,4820.0
Valles,5391,0.0,359.0,47.0
Valles,5411,0.0,360.0,1052.0
Valles,5414,0.0,602.0,962.0
Valles,5415,0.0,256.0,398.0
Valles,5429,0.0,4202.0,26074.0
Valles,5432,0.0,58.0,0.0
Valles,5438,0.0,3458.0,6562.0
Valles,5441,0.0,147.0,994.0
Valles,5445,0.0,209.0,709.0
Valles,5452,0.0,536.0,3573.0
Valles,5454,0.0,247.0,1002.0
Valles,5456,0.0,237.0,1054.0
Valles,5458,0.0,281.0,145.0
Valles,5459,0.0,56.0,0.0
Valles,5460,0.0,1280.0,45400.0
Valles,5462,0.0,81.0,1159.0
Valles,5475,0.0,0.0,118.0
Valles,5476,0.0,0.0,3103.0
Valles,5497,0.0,0.0,552.0
Valles,5505,0.0,0.0,2146.0
Valles,5508,0.0,0.0,66.0
Valles,5509,0.0,0.0,44.0
Valles,5515,0.0,0.0,3533.0
Valles,5521,0.0,0.0,1199.0
Valles,5528,0.0,0.0,340.0
Valles,5529,0.0,0.0,547.0
Valles,5535,0.0,0.0,281.0
Valles,6129,0.0,43.0,88.0
Valles,6141,0.0,639.0,335.0
Valles,6143,0.0,619.0,174.0
Valles,6144,0.0,117.0,0.0
Valles,6145,0.0,169.0,3176.0
Valles,6148,0.0,3104.0,9107.0
Valles,8001,0.0,0.0,598.0
Valles,8006,0.0,0.0,69.0
Valles,8011,0.0,0.0,211.0
Valles,8013,0.0,0.0,2356.0
Valles,8018,0.0,0.0,98.0
Valles,8023,0.0,0.0,335.0
Valles,8039,0.0,0.0,92.0
Valles,8040,0.0,0.0,322.0
Valles,8043,0.0,0.0,466.0
Valles,8105,0.0,0.0,966.0
